{
  "swagger": "2.0",
  "info": {
    "version": "1.0.0",
    "title": "OSW APIs",
    "description": "Documentation automatically generated by the <b>swagger-autogen</b> module."
  },
  "host": "nodejs-projects-osw-backend.un7jm4.easypanel.host",
  "basePath": "/api",
  "tags": [
    {
      "name": "One Smart World(OSW)",
      "description": "API for OSW Portal"
    }
  ],
  "schemes": [
    "https"
  ],
  "securityDefinitions": {
    "bearerAuth": {
      "type": "apiKey",
      "name": "authorization",
      "scheme": "bearer",
      "in": "header",
      "description": "Ex: Bearer 14213841804v323v3...."
    }
  },
  "consumes": [
    "application/json"
  ],
  "produces": [
    "application/json"
  ],
  "paths": {
    "/Check/Server": {
      "get": {
        "tags": [
          "Common"
        ],
        "description": "",
        "responses": {
          "200": {
            "description": "OK"
          }
        }
      }
    },
    "/Common/Upload": {
      "post": {
        "tags": [
          "Common"
        ],
        "description": "",
        "consumes": [
          "multipart/form-data"
        ],
        "parameters": [
          {
            "name": "files",
            "in": "formData",
            "type": "file",
            "required": true,
            "description": "Upload file here...support only [png,jpeg,jpg]"
          }
        ],
        "responses": {
          "200": {
            "description": "OK"
          },
          "400": {
            "description": "Bad Request"
          }
        }
      }
    },
    "/User/register": {
      "post": {
        "tags": [
          "User"
        ],
        "description": "",
        "parameters": [
          {
            "name": "body",
            "in": "body",
            "schema": {
              "required": [
                "first_name",
                "last_name",
                "email",
                "user_name",
                "password"
              ],
              "properties": {
                "email": {
                  "type": "string"
                },
                "password": {
                  "type": "string"
                },
                "user_name": {
                  "type": "string"
                },
                "user_type": {
                  "type": "string",
                  "description": "0=member,1=company admin,2=admin"
                }
              }
            }
          }
        ],
        "responses": {
          "400": {
            "description": "Bad Request"
          }
        }
      }
    },
    "/User/login": {
      "post": {
        "tags": [
          "User"
        ],
        "description": "",
        "parameters": [
          {
            "name": "body",
            "in": "body",
            "schema": {
              "properties": {
                "user_name": {
                  "type": "string"
                },
                "password": {
                  "type": "string"
                }
              }
            }
          }
        ],
        "responses": {
          "default": {
            "description": ""
          }
        }
      }
    },
    "/User/forgot_password": {
      "post": {
        "tags": [
          "User"
        ],
        "description": "",
        "parameters": [
          {
            "name": "body",
            "in": "body",
            "schema": {
              "required": [
                "user_name"
              ],
              "properties": {
                "user_name": {
                  "type": "string"
                }
              }
            }
          }
        ],
        "responses": {
          "default": {
            "description": ""
          }
        }
      }
    },
    "/User/change_password": {
      "post": {
        "tags": [
          "User"
        ],
        "description": "",
        "parameters": [
          {
            "name": "authorization",
            "in": "header",
            "type": "string"
          },
          {
            "name": "body",
            "in": "body",
            "schema": {
              "required": [
                "currentPassword",
                "newPassword",
                "confirmPassword"
              ],
              "properties": {
                "currentPassword": {
                  "type": "string"
                },
                "newPassword": {
                  "type": "string"
                },
                "confirmPassword": {
                  "type": "string"
                }
              }
            }
          }
        ],
        "responses": {
          "401": {
            "description": "Unauthorized"
          }
        }
      }
    },
    "/Member/register": {
      "post": {
        "tags": [
          "Members"
        ],
        "description": "",
        "parameters": [
          {
            "name": "body",
            "in": "body",
            "schema": {
              "required": [
                "first_name",
                "last_name",
                "email",
                "user_name",
                "password"
              ],
              "properties": {
                "first_name": {
                  "type": "string"
                },
                "last_name": {
                  "type": "string"
                },
                "email": {
                  "type": "string"
                },
                "password": {
                  "type": "string"
                },
                "user_name": {
                  "type": "string"
                }
              }
            }
          }
        ],
        "responses": {
          "201": {
            "description": "Created"
          },
          "400": {
            "description": "Bad Request"
          },
          "500": {
            "description": "Internal Server Error"
          }
        }
      }
    },
    "/Member/login": {
      "post": {
        "tags": [
          "Members"
        ],
        "description": "",
        "parameters": [
          {
            "name": "body",
            "in": "body",
            "schema": {
              "properties": {
                "user_name": {
                  "type": "string"
                },
                "password": {
                  "type": "string"
                }
              }
            }
          }
        ],
        "responses": {
          "201": {
            "description": "Created"
          },
          "401": {
            "description": "Unauthorized"
          }
        }
      }
    },
    "/Member/details": {
      "get": {
        "tags": [
          "Members"
        ],
        "description": "",
        "parameters": [
          {
            "name": "authorization",
            "in": "header",
            "type": "string"
          }
        ],
        "responses": {
          "401": {
            "description": "Unauthorized"
          }
        }
      }
    },
    "/QA/Questions/list": {
      "post": {
        "tags": [
          "QAs"
        ],
        "description": "",
        "parameters": [
          {
            "name": "authorization",
            "in": "header",
            "type": "string"
          },
          {
            "name": "pageSize",
            "in": "query",
            "type": "number"
          },
          {
            "name": "page",
            "in": "query",
            "type": "number"
          }
        ],
        "responses": {
          "200": {
            "description": "OK"
          },
          "401": {
            "description": "Unauthorized"
          },
          "500": {
            "description": "Internal Server Error"
          }
        }
      }
    },
    "/QA/list": {
      "post": {
        "tags": [
          "QAs"
        ],
        "description": "",
        "parameters": [
          {
            "name": "authorization",
            "in": "header",
            "type": "string"
          }
        ],
        "responses": {
          "401": {
            "description": "Unauthorized"
          }
        }
      }
    },
    "/QA/update": {
      "post": {
        "tags": [
          "QAs"
        ],
        "description": "",
        "parameters": [
          {
            "name": "authorization",
            "in": "header",
            "type": "string"
          },
          {
            "name": "body",
            "in": "body",
            "schema": {
              "properties": {
                "question1": {
                  "type": "string"
                },
                "question2": {
                  "type": "string"
                },
                "question3": {
                  "type": "string"
                },
                "question4": {
                  "type": "string"
                },
                "question5": {
                  "type": "string"
                },
                "question6": {
                  "type": "string"
                },
                "question7": {
                  "type": "string"
                },
                "question8": {
                  "type": "string"
                },
                "question9": {
                  "type": "string"
                },
                "question10": {
                  "type": "string"
                },
                "question11": {
                  "type": "string"
                },
                "question12": {
                  "type": "string"
                },
                "question13": {
                  "type": "string"
                },
                "question14": {
                  "type": "string"
                },
                "question15": {
                  "type": "string"
                },
                "question16": {
                  "type": "string"
                },
                "question17": {
                  "type": "string"
                },
                "question18": {
                  "type": "string"
                },
                "question19": {
                  "type": "string"
                },
                "question20": {
                  "type": "string"
                },
                "question21": {
                  "type": "string"
                },
                "question22": {
                  "type": "string"
                },
                "question23": {
                  "type": "string"
                },
                "question24": {
                  "type": "string"
                },
                "question25": {
                  "type": "string"
                },
                "question26": {
                  "type": "string"
                },
                "question27": {
                  "type": "string"
                },
                "question28": {
                  "type": "string"
                },
                "question29": {
                  "type": "string"
                },
                "question30": {
                  "type": "string"
                },
                "question31": {
                  "type": "string"
                },
                "question32": {
                  "type": "string"
                },
                "question33": {
                  "type": "string"
                },
                "question34": {
                  "type": "string"
                },
                "question35": {
                  "type": "string"
                },
                "question36": {
                  "type": "string"
                },
                "question37": {
                  "type": "string"
                },
                "question38": {
                  "type": "string"
                },
                "question39": {
                  "type": "string"
                },
                "question40": {
                  "type": "string"
                },
                "question41": {
                  "type": "string"
                },
                "question42": {
                  "type": "string"
                },
                "question43": {
                  "type": "string"
                },
                "question44": {
                  "type": "string"
                },
                "question45": {
                  "type": "string"
                }
              }
            }
          }
        ],
        "responses": {
          "201": {
            "description": "Created"
          },
          "401": {
            "description": "Unauthorized"
          },
          "500": {
            "description": "Internal Server Error"
          }
        }
      }
    },
    "/CompanySector/create": {
      "post": {
        "tags": [
          "CompanySector"
        ],
        "description": "",
        "parameters": [
          {
            "name": "authorization",
            "in": "header",
            "type": "string"
          },
          {
            "name": "body",
            "in": "body",
            "schema": {
              "required": [
                "name",
                "ssb_price",
                "pd_price"
              ],
              "properties": {
                "name": {
                  "type": "string",
                  "description": "name of the sector"
                },
                "ssb_price": {
                  "type": "string",
                  "default": "0"
                },
                "pd_price": {
                  "type": "string",
                  "default": "0"
                }
              }
            }
          }
        ],
        "responses": {
          "401": {
            "description": "Unauthorized"
          }
        }
      }
    },
    "/CompanySector/list": {
      "get": {
        "tags": [
          "CompanySector"
        ],
        "description": "",
        "parameters": [
          {
            "name": "authorization",
            "in": "header",
            "type": "string"
          },
          {
            "name": "page_size",
            "in": "query",
            "type": "number"
          },
          {
            "name": "page",
            "in": "query",
            "type": "number"
          },
          {
            "name": "status",
            "in": "query",
            "type": "string"
          }
        ],
        "responses": {
          "401": {
            "description": "Unauthorized"
          }
        }
      }
    },
    "/CompanySector/view/{id}": {
      "get": {
        "tags": [
          "CompanySector"
        ],
        "description": "",
        "parameters": [
          {
            "name": "id",
            "in": "path",
            "required": true,
            "type": "string"
          },
          {
            "name": "authorization",
            "in": "header",
            "type": "string"
          }
        ],
        "responses": {
          "401": {
            "description": "Unauthorized"
          }
        }
      }
    },
    "/CompanySector/update/{id}": {
      "patch": {
        "tags": [
          "CompanySector"
        ],
        "description": "",
        "parameters": [
          {
            "name": "id",
            "in": "path",
            "required": true,
            "type": "string"
          },
          {
            "name": "authorization",
            "in": "header",
            "type": "string"
          },
          {
            "name": "body",
            "in": "body",
            "schema": {
              "properties": {
                "name": {
                  "type": "string",
                  "description": "name of the sector"
                },
                "ssb_price": {
                  "type": "string",
                  "default": "0"
                },
                "pd_price": {
                  "type": "string",
                  "default": "0"
                },
                "status": {
                  "type": "string"
                }
              }
            }
          }
        ],
        "responses": {
          "401": {
            "description": "Unauthorized"
          }
        }
      }
    },
    "/CompanySector/delete/{id}": {
      "delete": {
        "tags": [
          "CompanySector"
        ],
        "description": "",
        "parameters": [
          {
            "name": "id",
            "in": "path",
            "required": true,
            "type": "string"
          },
          {
            "name": "authorization",
            "in": "header",
            "type": "string"
          }
        ],
        "responses": {
          "401": {
            "description": "Unauthorized"
          }
        }
      }
    },
    "/Company/create": {
      "post": {
        "tags": [
          "Company"
        ],
        "description": "",
        "parameters": [
          {
            "name": "authorization",
            "in": "header",
            "type": "string"
          },
          {
            "name": "body",
            "in": "body",
            "schema": {
              "required": [
                "company_name",
                "employee_count",
                "street",
                "country",
                "state",
                "telephone",
                "postal_code"
              ],
              "properties": {
                "company_name": {
                  "type": "string"
                },
                "employee_count": {
                  "type": "string"
                },
                "street": {
                  "type": "string"
                },
                "country": {
                  "type": "string"
                },
                "state": {
                  "type": "string"
                },
                "postal_code": {
                  "type": "string"
                },
                "telephone": {
                  "type": "string"
                },
                "fax": {
                  "type": "string"
                },
                "logo": {
                  "type": "string"
                },
                "sector": {
                  "type": "string"
                },
                "first_name": {
                  "type": "string"
                },
                "last_name": {
                  "type": "string"
                },
                "mobile": {
                  "type": "string"
                },
                "email": {
                  "type": "string"
                },
                "user_name": {
                  "type": "string"
                },
                "password": {
                  "type": "string"
                },
                "ssb_license": {
                  "type": "string"
                },
                "pd_license": {
                  "type": "string"
                },
                "add_date": {
                  "type": "string"
                },
                "add_description": {
                  "type": "string"
                }
              }
            }
          }
        ],
        "responses": {
          "401": {
            "description": "Unauthorized"
          }
        }
      }
    },
    "/Company/list": {
      "get": {
        "tags": [
          "Company"
        ],
        "description": "",
        "parameters": [
          {
            "name": "authorization",
            "in": "header",
            "type": "string"
          },
          {
            "name": "page_size",
            "in": "query",
            "type": "number"
          },
          {
            "name": "page",
            "in": "query",
            "type": "number"
          },
          {
            "name": "is_delete",
            "in": "query",
            "type": "string"
          }
        ],
        "responses": {
          "401": {
            "description": "Unauthorized"
          }
        }
      }
    },
    "/Company/view/{id}": {
      "get": {
        "tags": [
          "Company"
        ],
        "description": "",
        "parameters": [
          {
            "name": "id",
            "in": "path",
            "required": true,
            "type": "string"
          },
          {
            "name": "authorization",
            "in": "header",
            "type": "string"
          }
        ],
        "responses": {
          "401": {
            "description": "Unauthorized"
          }
        }
      }
    },
    "/Company/update/{id}": {
      "patch": {
        "tags": [
          "Company"
        ],
        "description": "",
        "parameters": [
          {
            "name": "id",
            "in": "path",
            "required": true,
            "type": "string"
          },
          {
            "name": "authorization",
            "in": "header",
            "type": "string"
          },
          {
            "name": "body",
            "in": "body",
            "schema": {
              "required": [],
              "properties": {
                "company_name": {
                  "type": "string"
                },
                "employee_count": {
                  "type": "string"
                },
                "street": {
                  "type": "string"
                },
                "country": {
                  "type": "string"
                },
                "state": {
                  "type": "string"
                },
                "postal_code": {
                  "type": "string"
                },
                "telephone": {
                  "type": "string"
                },
                "fax": {
                  "type": "string"
                },
                "logo": {
                  "type": "string"
                },
                "sector": {
                  "type": "string"
                },
                "is_deleted": {
                  "type": "string"
                }
              }
            }
          }
        ],
        "responses": {
          "401": {
            "description": "Unauthorized"
          }
        }
      }
    },
    "/Company/delete/{id}": {
      "delete": {
        "tags": [
          "Company"
        ],
        "description": "",
        "parameters": [
          {
            "name": "id",
            "in": "path",
            "required": true,
            "type": "string"
          },
          {
            "name": "authorization",
            "in": "header",
            "type": "string"
          }
        ],
        "responses": {
          "401": {
            "description": "Unauthorized"
          }
        }
      }
    },
    "/Administrator/create": {
      "post": {
        "tags": [
          "Administrator"
        ],
        "description": "",
        "parameters": [
          {
            "name": "authorization",
            "in": "header",
            "type": "string"
          },
          {
            "name": "body",
            "in": "body",
            "schema": {
              "required": [
                "first_name",
                "last_name",
                "email",
                "user_name",
                "password",
                "company",
                "is_primary"
              ],
              "properties": {
                "first_name": {
                  "type": "string"
                },
                "last_name": {
                  "type": "string"
                },
                "mobile": {
                  "type": "string"
                },
                "email": {
                  "type": "string"
                },
                "password": {
                  "type": "string"
                },
                "user_name": {
                  "type": "string"
                },
                "company": {
                  "type": "string"
                },
                "is_primary": {
                  "type": "string",
                  "description": "1 => Primary, (0) => Secondary"
                },
                "fax": {
                  "type": "string"
                }
              }
            }
          }
        ],
        "responses": {
          "201": {
            "description": "Created"
          },
          "400": {
            "description": "Bad Request"
          },
          "401": {
            "description": "Unauthorized"
          },
          "500": {
            "description": "Internal Server Error"
          }
        }
      }
    },
    "/Administrator/list": {
      "get": {
        "tags": [
          "Administrator"
        ],
        "description": "",
        "parameters": [
          {
            "name": "authorization",
            "in": "header",
            "type": "string"
          },
          {
            "name": "page_size",
            "in": "query",
            "type": "number"
          },
          {
            "name": "page",
            "in": "query",
            "type": "number"
          }
        ],
        "responses": {
          "401": {
            "description": "Unauthorized"
          }
        }
      }
    },
    "/Administrator/view/{administrator_id}": {
      "get": {
        "tags": [
          "Administrator"
        ],
        "description": "",
        "parameters": [
          {
            "name": "administrator_id",
            "in": "path",
            "required": true,
            "type": "string"
          },
          {
            "name": "authorization",
            "in": "header",
            "type": "string"
          }
        ],
        "responses": {
          "401": {
            "description": "Unauthorized"
          }
        }
      }
    },
    "/Administrator/update/{administrator_id}": {
      "patch": {
        "tags": [
          "Administrator"
        ],
        "description": "",
        "parameters": [
          {
            "name": "administrator_id",
            "in": "path",
            "required": true,
            "type": "string"
          },
          {
            "name": "authorization",
            "in": "header",
            "type": "string"
          },
          {
            "name": "body",
            "in": "body",
            "schema": {
              "required": [],
              "properties": {
                "first_name": {
                  "type": "string"
                },
                "last_name": {
                  "type": "string"
                },
                "mobile": {
                  "type": "string"
                },
                "email": {
                  "type": "string"
                },
                "password": {
                  "type": "string"
                },
                "user_name": {
                  "type": "string"
                },
                "company": {
                  "type": "string"
                },
                "is_primary": {
                  "type": "string"
                },
                "fax": {
                  "type": "string"
                },
                "is_deleted": {
                  "type": "string"
                }
              }
            }
          }
        ],
        "responses": {
          "401": {
            "description": "Unauthorized"
          }
        }
      }
    },
    "/Administrator/delete/{administrator_id}": {
      "delete": {
        "tags": [
          "Administrator"
        ],
        "description": "",
        "parameters": [
          {
            "name": "administrator_id",
            "in": "path",
            "required": true,
            "type": "string"
          },
          {
            "name": "authorization",
            "in": "header",
            "type": "string"
          }
        ],
        "responses": {
          "401": {
            "description": "Unauthorized"
          }
        }
      }
    },
    "/Resource/create": {
      "post": {
        "tags": [
          "Resources"
        ],
        "description": "",
        "parameters": [
          {
            "name": "authorization",
            "in": "header",
            "type": "string"
          },
          {
            "name": "body",
            "in": "body",
            "schema": {
              "required": [
                "resources_name",
                "resources_file_name",
                "resources_file_type",
                "for_ssb_pdp",
                "password",
                "company",
                "is_primary"
              ],
              "properties": {
                "resources_name": {
                  "type": "string"
                },
                "resources_description": {
                  "type": "string"
                },
                "resources_file_name": {
                  "type": "string"
                },
                "resources_file_type": {
                  "type": "string"
                },
                "resources_file_extension": {
                  "type": "string"
                },
                "for_ssb_pdp": {
                  "type": "string"
                },
                "is_for_demo": {
                  "type": "string"
                }
              }
            }
          }
        ],
        "responses": {
          "201": {
            "description": "Created"
          },
          "401": {
            "description": "Unauthorized"
          },
          "500": {
            "description": "Internal Server Error"
          }
        }
      }
    },
    "/Resource/list": {
      "get": {
        "tags": [
          "Resources"
        ],
        "description": "",
        "parameters": [
          {
            "name": "authorization",
            "in": "header",
            "type": "string"
          },
          {
            "name": "file_type",
            "in": "query",
            "type": "string",
            "required": true,
            "enum": [
              "File",
              "Video"
            ]
          },
          {
            "name": "page_size",
            "in": "query",
            "type": "number"
          },
          {
            "name": "page",
            "in": "query",
            "type": "number"
          },
          {
            "name": "is_delete",
            "in": "query",
            "type": "string"
          }
        ],
        "responses": {
          "401": {
            "description": "Unauthorized"
          }
        }
      }
    },
    "/Resource/view/{resource_id}": {
      "get": {
        "tags": [
          "Resources"
        ],
        "description": "",
        "parameters": [
          {
            "name": "resource_id",
            "in": "path",
            "required": true,
            "type": "string"
          },
          {
            "name": "authorization",
            "in": "header",
            "type": "string"
          }
        ],
        "responses": {
          "401": {
            "description": "Unauthorized"
          }
        }
      }
    },
    "/Resource/update/{resource_id}": {
      "patch": {
        "tags": [
          "Resources"
        ],
        "description": "",
        "parameters": [
          {
            "name": "resource_id",
            "in": "path",
            "required": true,
            "type": "string"
          },
          {
            "name": "authorization",
            "in": "header",
            "type": "string"
          },
          {
            "name": "body",
            "in": "body",
            "schema": {
              "required": [],
              "properties": {
                "resources_name": {
                  "type": "string"
                },
                "resources_description": {
                  "type": "string"
                },
                "resources_file_name": {
                  "type": "string"
                },
                "resources_file_type": {
                  "type": "string"
                },
                "resources_file_extension": {
                  "type": "string"
                },
                "for_ssb_pdp": {
                  "type": "string"
                },
                "is_for_demo": {
                  "type": "string"
                },
                "is_deleted": {
                  "type": "string"
                }
              }
            }
          }
        ],
        "responses": {
          "401": {
            "description": "Unauthorized"
          }
        }
      }
    },
    "/Resource/delete/{resource_id}": {
      "delete": {
        "tags": [
          "Resources"
        ],
        "description": "",
        "parameters": [
          {
            "name": "resource_id",
            "in": "path",
            "required": true,
            "type": "string"
          },
          {
            "name": "authorization",
            "in": "header",
            "type": "string"
          }
        ],
        "responses": {
          "401": {
            "description": "Unauthorized"
          }
        }
      }
    },
    "/Favourite/create": {
      "post": {
        "tags": [
          "Favourite"
        ],
        "description": "",
        "parameters": [
          {
            "name": "authorization",
            "in": "header",
            "type": "string"
          },
          {
            "name": "body",
            "in": "body",
            "schema": {
              "required": [
                "fav_name"
              ],
              "properties": {
                "fav_name": {
                  "type": "string"
                }
              }
            }
          }
        ],
        "responses": {
          "201": {
            "description": "Created"
          },
          "401": {
            "description": "Unauthorized"
          },
          "500": {
            "description": "Internal Server Error"
          }
        }
      }
    },
    "/Favourite/list": {
      "get": {
        "tags": [
          "Favourite"
        ],
        "description": "",
        "parameters": [
          {
            "name": "page_size",
            "in": "query",
            "type": "number"
          },
          {
            "name": "page",
            "in": "query",
            "type": "number"
          },
          {
            "name": "fav_status",
            "in": "query",
            "type": "string"
          }
        ],
        "responses": {
          "default": {
            "description": ""
          }
        }
      }
    },
    "/Favourite/view/{fav_id}": {
      "get": {
        "tags": [
          "Favourite"
        ],
        "description": "",
        "parameters": [
          {
            "name": "fav_id",
            "in": "path",
            "required": true,
            "type": "string"
          },
          {
            "name": "authorization",
            "in": "header",
            "type": "string"
          }
        ],
        "responses": {
          "401": {
            "description": "Unauthorized"
          }
        }
      }
    },
    "/Favourite/update/{fav_id}": {
      "patch": {
        "tags": [
          "Favourite"
        ],
        "description": "",
        "parameters": [
          {
            "name": "fav_id",
            "in": "path",
            "required": true,
            "type": "string"
          },
          {
            "name": "authorization",
            "in": "header",
            "type": "string"
          },
          {
            "name": "body",
            "in": "body",
            "schema": {
              "required": [],
              "properties": {
                "fav_name": {
                  "type": "string"
                },
                "fav_status": {
                  "type": "string"
                }
              }
            }
          }
        ],
        "responses": {
          "401": {
            "description": "Unauthorized"
          }
        }
      }
    },
    "/Favourite/delete/{fav_id}": {
      "delete": {
        "tags": [
          "Favourite"
        ],
        "description": "",
        "parameters": [
          {
            "name": "fav_id",
            "in": "path",
            "required": true,
            "type": "string"
          },
          {
            "name": "authorization",
            "in": "header",
            "type": "string"
          }
        ],
        "responses": {
          "401": {
            "description": "Unauthorized"
          }
        }
      }
    },
    "/AdminMember/create": {
      "post": {
        "tags": [
          "AdminMembers"
        ],
        "description": "",
        "parameters": [
          {
            "name": "authorization",
            "in": "header",
            "type": "string"
          },
          {
            "name": "body",
            "in": "body",
            "schema": {
              "required": [
                "first_name",
                "last_name",
                "email",
                "user_name",
                "password"
              ],
              "properties": {
                "first_name": {
                  "type": "string"
                },
                "last_name": {
                  "type": "string"
                },
                "email": {
                  "type": "string"
                },
                "password": {
                  "type": "string"
                },
                "user_name": {
                  "type": "string"
                },
                "profile_visible": {
                  "type": "string"
                },
                "license_type": {
                  "type": "string",
                  "description": "1 => SSB, (2) => PD, 3 => Old"
                },
                "message": {
                  "type": "string"
                }
              }
            }
          }
        ],
        "responses": {
          "400": {
            "description": "Bad Request"
          },
          "401": {
            "description": "Unauthorized"
          }
        }
      }
    },
    "/AdminMember/list": {
      "get": {
        "tags": [
          "AdminMembers"
        ],
        "description": "",
        "parameters": [
          {
            "name": "authorization",
            "in": "header",
            "type": "string"
          },
          {
            "name": "pageSize",
            "in": "query",
            "type": "number"
          },
          {
            "name": "page",
            "in": "query",
            "type": "number"
          }
        ],
        "responses": {
          "200": {
            "description": "OK"
          },
          "401": {
            "description": "Unauthorized"
          },
          "500": {
            "description": "Internal Server Error"
          }
        }
      }
    },
    "/AdminMember/update/{member_id}": {
      "patch": {
        "tags": [
          "AdminMembers"
        ],
        "description": "",
        "parameters": [
          {
            "name": "member_id",
            "in": "path",
            "required": true,
            "type": "string"
          },
          {
            "name": "authorization",
            "in": "header",
            "type": "string"
          },
          {
            "name": "body",
            "in": "body",
            "schema": {
              "properties": {
                "first_name": {
                  "type": "string"
                },
                "last_name": {
                  "type": "string"
                },
                "email": {
                  "type": "string"
                },
                "member_age": {
                  "type": "string"
                },
                "member_mobile": {
                  "type": "string"
                },
                "member_gender": {
                  "type": "string"
                },
                "member_education": {
                  "type": "string"
                },
                "member_ocupation": {
                  "type": "string"
                },
                "member_industry": {
                  "type": "string"
                },
                "job_category": {
                  "type": "string"
                },
                "is_deleted": {
                  "type": "string"
                }
              }
            }
          }
        ],
        "responses": {
          "201": {
            "description": "Created"
          },
          "401": {
            "description": "Unauthorized"
          },
          "500": {
            "description": "Internal Server Error"
          }
        }
      }
    },
    "/Group/create": {
      "post": {
        "tags": [
          "Group"
        ],
        "description": "",
        "parameters": [
          {
            "name": "authorization",
            "in": "header",
            "type": "string"
          },
          {
            "name": "body",
            "in": "body",
            "schema": {
              "required": [
                "group_name",
                "type"
              ],
              "properties": {
                "group_name": {
                  "type": "string"
                },
                "type": {
                  "type": "string",
                  "description": "public, private"
                }
              }
            }
          }
        ],
        "responses": {
          "201": {
            "description": "Created"
          },
          "401": {
            "description": "Unauthorized"
          },
          "500": {
            "description": "Internal Server Error"
          }
        }
      }
    },
    "/Group/list": {
      "get": {
        "tags": [
          "Group"
        ],
        "description": "",
        "parameters": [
          {
            "name": "authorization",
            "in": "header",
            "type": "string"
          },
          {
            "name": "page_size",
            "in": "query",
            "type": "number"
          },
          {
            "name": "page",
            "in": "query",
            "type": "number"
          },
          {
            "name": "is_deleted",
            "in": "query",
            "type": "string"
          }
        ],
        "responses": {
          "401": {
            "description": "Unauthorized"
          }
        }
      }
    },
    "/Group/view/{group_id}": {
      "get": {
        "tags": [
          "Group"
        ],
        "description": "",
        "parameters": [
          {
            "name": "group_id",
            "in": "path",
            "required": true,
            "type": "string"
          },
          {
            "name": "authorization",
            "in": "header",
            "type": "string"
          }
        ],
        "responses": {
          "401": {
            "description": "Unauthorized"
          }
        }
      }
    },
    "/Group/update/{group_id}": {
      "patch": {
        "tags": [
          "Group"
        ],
        "description": "",
        "parameters": [
          {
            "name": "group_id",
            "in": "path",
            "required": true,
            "type": "string"
          },
          {
            "name": "authorization",
            "in": "header",
            "type": "string"
          },
          {
            "name": "body",
            "in": "body",
            "schema": {
              "required": [],
              "properties": {
                "group_name": {
                  "type": "string"
                },
                "type": {
                  "type": "string",
                  "description": "public, private"
                },
                "is_deleted": {
                  "type": "string"
                }
              }
            }
          }
        ],
        "responses": {
          "401": {
            "description": "Unauthorized"
          }
        }
      }
    },
    "/Admin/create": {
      "post": {
        "tags": [
          "AdminAdministrator"
        ],
        "description": "",
        "parameters": [
          {
            "name": "authorization",
            "in": "header",
            "type": "string"
          },
          {
            "name": "body",
            "in": "body",
            "schema": {
              "required": [
                "first_name",
                "last_name",
                "email",
                "user_name",
                "password",
                "company",
                "is_primary"
              ],
              "properties": {
                "first_name": {
                  "type": "string"
                },
                "last_name": {
                  "type": "string"
                },
                "mobile": {
                  "type": "string"
                },
                "email": {
                  "type": "string"
                },
                "password": {
                  "type": "string"
                },
                "user_name": {
                  "type": "string"
                },
                "is_primary": {
                  "type": "string",
                  "description": "1 => Primary, (0) => Secondary"
                },
                "fax": {
                  "type": "string"
                }
              }
            }
          }
        ],
        "responses": {
          "201": {
            "description": "Created"
          },
          "400": {
            "description": "Bad Request"
          },
          "401": {
            "description": "Unauthorized"
          },
          "500": {
            "description": "Internal Server Error"
          }
        }
      }
    },
    "/Admin/list": {
      "get": {
        "tags": [
          "AdminAdministrator"
        ],
        "description": "",
        "parameters": [
          {
            "name": "authorization",
            "in": "header",
            "type": "string"
          },
          {
            "name": "page_size",
            "in": "query",
            "type": "number"
          },
          {
            "name": "page",
            "in": "query",
            "type": "number"
          }
        ],
        "responses": {
          "401": {
            "description": "Unauthorized"
          }
        }
      }
    },
    "/Admin/view/{administrator_id}": {
      "get": {
        "tags": [
          "AdminAdministrator"
        ],
        "description": "",
        "parameters": [
          {
            "name": "administrator_id",
            "in": "path",
            "required": true,
            "type": "string"
          },
          {
            "name": "authorization",
            "in": "header",
            "type": "string"
          }
        ],
        "responses": {
          "401": {
            "description": "Unauthorized"
          }
        }
      }
    },
    "/Admin/update/{administrator_id}": {
      "patch": {
        "tags": [
          "AdminAdministrator"
        ],
        "description": "",
        "parameters": [
          {
            "name": "administrator_id",
            "in": "path",
            "required": true,
            "type": "string"
          },
          {
            "name": "authorization",
            "in": "header",
            "type": "string"
          },
          {
            "name": "body",
            "in": "body",
            "schema": {
              "required": [],
              "properties": {
                "first_name": {
                  "type": "string"
                },
                "last_name": {
                  "type": "string"
                },
                "mobile": {
                  "type": "string"
                },
                "email": {
                  "type": "string"
                },
                "is_primary": {
                  "type": "string"
                },
                "fax": {
                  "type": "string"
                },
                "is_deleted": {
                  "type": "string"
                }
              }
            }
          }
        ],
        "responses": {
          "401": {
            "description": "Unauthorized"
          }
        }
      }
    }
  },
  "security": {
    "bearerAuth": []
  }
}